UUID,Resp Id,Keyword Used,URL,Time Spent(sec),Search Domain,Latitude,Longitude,Total Time Spent(secs),city,startDate,startTime,clickedUrl,deviceName,osVersion,videoLink,audioLink,cameraLink,imageLink,htmlLink
3c6318b7-b188-4e07-b77b-86d6f493a0fa,7795dd9a-05ba-4329-860f-5413eacdfe3c,,https://www.google.com/,0,www.google.com,13.0283215,77.7114941,34,,12-07-2022,10:48.5,,Windows,10,[https://test.o360.online/downloads/7795dd9a-05ba-4329-860f-5413eacdfe3c_41202_ZjNmODdjYWUtYjcyYi00ZGU4LTgzNzgtOWFlZTQxNDNmMjUz/videos/12-07-2022-09:11:30:319.mp4],[],[],[],https://test.o360.online/downloads/7795dd9a-05ba-4329-860f-5413eacdfe3c_41202_ZjNmODdjYWUtYjcyYi00ZGU4LTgzNzgtOWFlZTQxNDNmMjUz/12-07-2022-09:11:30:427.html
3c6318b7-b188-4e07-b77b-86d6f493a0fa,7795dd9a-05ba-4329-860f-5413eacdfe3c,,https://www.google.com/search?gs_ssp=eJzj4tLP1TfIyCg0M0tTYDRgdGDwYsutzCspSgQAT1UGoA&q=myntra&rlz=1C1ONGR_enIN1009IN1009&oq=Myntra&aqs=chrome.1.69i59j46i39i199i465j0i67j69i60l5.9230j0j4&sourceid=chrome&ie=UTF-8,1.306,www.google.com,,,,,12-07-2022,11:02.4,,Windows,10,[https://test.o360.online/downloads/7795dd9a-05ba-4329-860f-5413eacdfe3c_41202_ZjNmODdjYWUtYjcyYi00ZGU4LTgzNzgtOWFlZTQxNDNmMjUz/videos/12-07-2022-09:11:30:319.mp4],[],[],[],https://test.o360.online/downloads/7795dd9a-05ba-4329-860f-5413eacdfe3c_41202_ZjNmODdjYWUtYjcyYi00ZGU4LTgzNzgtOWFlZTQxNDNmMjUz/12-07-2022-09:11:30:619.html
3c6318b7-b188-4e07-b77b-86d6f493a0fa,7795dd9a-05ba-4329-860f-5413eacdfe3c,,https://www.myntra.com/?utm_source=perf_google_search_brand&utm_medium=perf_google_search_brand&utm_campaign=Search%20-%20Myntra%20Brand%20(India)&gclid=CjwKCAjwt7SWBhAnEiwAx8ZLamhogFVLFYHt44RtGDfn3giNy6Hw3YteiJoM6B6xUgEM9V3PqjW3AxoCgZ8QAvD_BwE,3.255,www.myntra.com,,,,,12-07-2022,11:05.9,https://www.googleadservices.com/pagead/aclk?sa=L&ai=DChcSEwiMl_rggPP4AhXnmWYCHe0CAewYABAAGgJzbQ&ae=2&ohost=www.google.com&cid=CAESa-D2qG7U--QPVyiShfbxmoQkqgSnyjklkoMdU4OcwoytEJnm9RUL2FwrhqKGj-243VDxCjANyQ3zAyh2pW3ltxZYPNSEwwG-ujpCRjn_u7gWq0x-TrSq55UHoo7pqXivCDNX1Rc2XUsBwy3R&sig=AOD64_0T42Uchd7eZaG53cNRjbbCUxl02g&q&adurl&ved=2ahUKEwj_9PLggPP4AhXAZ2wGHVneDOcQ0Qx6BAgDEAE&nis=8&dct=1,Windows,10,[https://test.o360.online/downloads/7795dd9a-05ba-4329-860f-5413eacdfe3c_41202_ZjNmODdjYWUtYjcyYi00ZGU4LTgzNzgtOWFlZTQxNDNmMjUz/videos/12-07-2022-09:11:30:319.mp4],[],[],[],https://test.o360.online/downloads/7795dd9a-05ba-4329-860f-5413eacdfe3c_41202_ZjNmODdjYWUtYjcyYi00ZGU4LTgzNzgtOWFlZTQxNDNmMjUz/12-07-2022-09:11:30:814.html
3c6318b7-b188-4e07-b77b-86d6f493a0fa,7795dd9a-05ba-4329-860f-5413eacdfe3c,,https://www.myntra.com/shop/men,2.358,www.myntra.com,,,,,12-07-2022,11:09.0,https://www.myntra.com/shop/men,Windows,10,[https://test.o360.online/downloads/7795dd9a-05ba-4329-860f-5413eacdfe3c_41202_ZjNmODdjYWUtYjcyYi00ZGU4LTgzNzgtOWFlZTQxNDNmMjUz/videos/12-07-2022-09:11:30:319.mp4],[],[],[],https://test.o360.online/downloads/7795dd9a-05ba-4329-860f-5413eacdfe3c_41202_ZjNmODdjYWUtYjcyYi00ZGU4LTgzNzgtOWFlZTQxNDNmMjUz/12-07-2022-09:11:30:962.html
3c6318b7-b188-4e07-b77b-86d6f493a0fa,7795dd9a-05ba-4329-860f-5413eacdfe3c,,https://www.myntra.com/men-casual-shoes,0,www.myntra.com,,,,,12-07-2022,11:12.2,https://www.myntra.com/men-casual-shoes,Windows,10,[https://test.o360.online/downloads/7795dd9a-05ba-4329-860f-5413eacdfe3c_41202_ZjNmODdjYWUtYjcyYi00ZGU4LTgzNzgtOWFlZTQxNDNmMjUz/videos/12-07-2022-09:11:30:319.mp4],[],[],[],https://test.o360.online/downloads/7795dd9a-05ba-4329-860f-5413eacdfe3c_41202_ZjNmODdjYWUtYjcyYi00ZGU4LTgzNzgtOWFlZTQxNDNmMjUz/12-07-2022-09:11:31:150.html
3c6318b7-b188-4e07-b77b-86d6f493a0fa,7795dd9a-05ba-4329-860f-5413eacdfe3c,,https://www.myntra.com/casual-shoes/puma/puma-men-navy-blue-and-white-colourblocked-sneakers/17350728/buy,28,www.myntra.com,,,,,12-07-2022,11:17.5,https://www.myntra.com/men-casual-shoes,Windows,10,[https://test.o360.online/downloads/7795dd9a-05ba-4329-860f-5413eacdfe3c_41202_ZjNmODdjYWUtYjcyYi00ZGU4LTgzNzgtOWFlZTQxNDNmMjUz/videos/12-07-2022-09:11:30:319.mp4],[],[],[],https://test.o360.online/downloads/7795dd9a-05ba-4329-860f-5413eacdfe3c_41202_ZjNmODdjYWUtYjcyYi00ZGU4LTgzNzgtOWFlZTQxNDNmMjUz/12-07-2022-09:11:31:278.html
edb2f973-3f63-4946-9022-3fa8d9c55213,f0c0b8a6-b0f3-4d14-86f4-654306b744c3,,https://www.google.com/,0,www.google.com,13.0283215,77.7114941,106,,12-07-2022,08:19.2,,Windows,10,[https://test.o360.online/downloads/f0c0b8a6-b0f3-4d14-86f4-654306b744c3_41202_ZjY1MTQ4ODItZDU4Zi00MTZjLWIwOTYtNmYzNWQ4ODdkNzYx/videos/12-07-2022-09:10:29:192.mp4],[],[],[],https://test.o360.online/downloads/f0c0b8a6-b0f3-4d14-86f4-654306b744c3_41202_ZjY1MTQ4ODItZDU4Zi00MTZjLWIwOTYtNmYzNWQ4ODdkNzYx/12-07-2022-09:10:29:304.html
edb2f973-3f63-4946-9022-3fa8d9c55213,f0c0b8a6-b0f3-4d14-86f4-654306b744c3,,https://test.o360.online/insights/share?id=7248,106,test.o360.online,,,,,12-07-2022,09:59.3,,Windows,10,[https://test.o360.online/downloads/f0c0b8a6-b0f3-4d14-86f4-654306b744c3_41202_ZjY1MTQ4ODItZDU4Zi00MTZjLWIwOTYtNmYzNWQ4ODdkNzYx/videos/12-07-2022-09:10:29:192.mp4],[],[],[],https://test.o360.online/downloads/f0c0b8a6-b0f3-4d14-86f4-654306b744c3_41202_ZjY1MTQ4ODItZDU4Zi00MTZjLWIwOTYtNmYzNWQ4ODdkNzYx/12-07-2022-09:10:29:348.html
39d95a4d-67b0-4c4c-a276-a43a57db9fb9,7276b6af-e66c-4baf-8222-c2d6caa4c3de,,https://www.google.com/,0,www.google.com,13.0283215,77.7114941,83,,12-07-2022,03:19.8,,Windows,10,[https://test.o360.online/downloads/7276b6af-e66c-4baf-8222-c2d6caa4c3de_41202_ODNkNjQyNTMtZTQyZS00ODY2LTg1M2MtZDY2ZjczMmYwOGQ1/videos/12-07-2022-09:05:02:216.mp4],[],[],[],https://test.o360.online/downloads/7276b6af-e66c-4baf-8222-c2d6caa4c3de_41202_ODNkNjQyNTMtZTQyZS00ODY2LTg1M2MtZDY2ZjczMmYwOGQ1/12-07-2022-09:05:02:587.html
39d95a4d-67b0-4c4c-a276-a43a57db9fb9,7276b6af-e66c-4baf-8222-c2d6caa4c3de,,https://www.google.com/search?gs_ssp=eJzj4tLP1TdILkqpqihQYDRgdGDw4kjLySzITiwqAQBm2Afs&q=flipkart&rlz=1C1ONGR_enIN1009IN1009&oq=Fli&aqs=chrome.1.69i59j46i39i199i465j69i57j69i59j69i60l4.2706j0j4&sourceid=chrome&ie=UTF-8,1.538,www.google.com,,,,,12-07-2022,04:04.4,,Windows,10,[https://test.o360.online/downloads/7276b6af-e66c-4baf-8222-c2d6caa4c3de_41202_ODNkNjQyNTMtZTQyZS00ODY2LTg1M2MtZDY2ZjczMmYwOGQ1/videos/12-07-2022-09:05:02:216.mp4],[],[],[],https://test.o360.online/downloads/7276b6af-e66c-4baf-8222-c2d6caa4c3de_41202_ODNkNjQyNTMtZTQyZS00ODY2LTg1M2MtZDY2ZjczMmYwOGQ1/12-07-2022-09:05:02:823.html
39d95a4d-67b0-4c4c-a276-a43a57db9fb9,7276b6af-e66c-4baf-8222-c2d6caa4c3de,,https://www.flipkart.com/?s_kwcid=AL!739!3!582822158549!e!!g!!flipkart&gclsrc=aw.ds&&semcmpid=sem_8024046704_brand_exe_buyers_goog&gclid=CjwKCAjwt7SWBhAnEiwAx8ZLah-KWAnEeSVt4vqHXLjixTrrY170Evl_IQVlrjBtVaWvHVKrhc8UKRoCjh0QAvD_BwE,7.796,www.flipkart.com,,,,,12-07-2022,04:07.5,https://www.googleadservices.com/pagead/aclk?sa=L&ai=DChcSEwii_r-Z__L4AhWqmmYCHUUUCskYABAAGgJzbQ&ae=2&ohost=www.google.com&cid=CAESWOD24nVgtKwNB8TInOvr6TbMPP1FEAhqga6pRv8lh7PUFGxhVOmwUCvODmvD-cKHCQhDdgegOBcA4CeFaeX8MrxuOL5AQG4Lc3NQS-owSB1yk6gip0KH6d8&sig=AOD64_2g1FZEzcExKZQsU55o7Ar85OnNEQ&q&adurl&ved=2ahUKEwjXrLiZ__L4AhVTzzgGHSZmA9UQ0Qx6BAgDEAE&nis=8&dct=1,Windows,10,[https://test.o360.online/downloads/7276b6af-e66c-4baf-8222-c2d6caa4c3de_41202_ODNkNjQyNTMtZTQyZS00ODY2LTg1M2MtZDY2ZjczMmYwOGQ1/videos/12-07-2022-09:05:02:216.mp4],[],[],[],https://test.o360.online/downloads/7276b6af-e66c-4baf-8222-c2d6caa4c3de_41202_ODNkNjQyNTMtZTQyZS00ODY2LTg1M2MtZDY2ZjczMmYwOGQ1/12-07-2022-09:05:03:072.html
39d95a4d-67b0-4c4c-a276-a43a57db9fb9,7276b6af-e66c-4baf-8222-c2d6caa4c3de,,https://www.flipkart.com/search?q=lg+fridge&sid=j9e%2Cabm%2Chzg&as=on&as-show=on&otracker=AS_QueryStore_HistoryAutoSuggest_2_9_na_na_na&otracker1=AS_QueryStore_HistoryAutoSuggest_2_9_na_na_na&as-pos=2&as-type=HISTORY&suggestionId=lg+fridge%7CRefrigerators&requestId=5ff73fe7-dbf7-454c-b278-f3540e2a9d7f,0,www.flipkart.com,,,,,12-07-2022,04:14.3,https://www.google.com/,Windows,10,[https://test.o360.online/downloads/7276b6af-e66c-4baf-8222-c2d6caa4c3de_41202_ODNkNjQyNTMtZTQyZS00ODY2LTg1M2MtZDY2ZjczMmYwOGQ1/videos/12-07-2022-09:05:02:216.mp4],[],[],[],https://test.o360.online/downloads/7276b6af-e66c-4baf-8222-c2d6caa4c3de_41202_ODNkNjQyNTMtZTQyZS00ODY2LTg1M2MtZDY2ZjczMmYwOGQ1/12-07-2022-09:05:03:250.html
39d95a4d-67b0-4c4c-a276-a43a57db9fb9,7276b6af-e66c-4baf-8222-c2d6caa4c3de,,https://www.flipkart.com/lg-675-l-frost-free-side-refrigerator-door-cooling-smart-thinq-wifi-enabled/p/itmf6egha9nhuhwj?pid=RFRF6EGHGSFDYUDZ&lid=LSTRFRF6EGHGSFDYUDZWAOQXU&marketplace=FLIPKART&q=lg+fridge&store=j9e%2Fabm%2Fhzg&spotlightTagId=TrendingId_j9e%2Fabm%2Fhzg&srno=s_1_1&otracker=AS_QueryStore_HistoryAutoSuggest_2_9_na_na_na&otracker1=AS_QueryStore_HistoryAutoSuggest_2_9_na_na_na&fm=search-autosuggest&iid=09409496-d64e-48c9-88d9-ed3c956ff439.RFRF6EGHGSFDYUDZ.SEARCH&ppt=sp&ppn=sp&ssid=10dx4hg4a80000001657616654328&qH=61727606d2620da2,9.137,www.flipkart.com,,,,,12-07-2022,04:19.5,,Windows,10,[https://test.o360.online/downloads/7276b6af-e66c-4baf-8222-c2d6caa4c3de_41202_ODNkNjQyNTMtZTQyZS00ODY2LTg1M2MtZDY2ZjczMmYwOGQ1/videos/12-07-2022-09:05:02:216.mp4],[],[],[],https://test.o360.online/downloads/7276b6af-e66c-4baf-8222-c2d6caa4c3de_41202_ODNkNjQyNTMtZTQyZS00ODY2LTg1M2MtZDY2ZjczMmYwOGQ1/12-07-2022-09:05:03:589.html
39d95a4d-67b0-4c4c-a276-a43a57db9fb9,7276b6af-e66c-4baf-8222-c2d6caa4c3de,,https://www.flipkart.com/viewcart?otracker=PP_GoToCart,66,www.flipkart.com,,,,,12-07-2022,04:28.0,,Windows,10,[https://test.o360.online/downloads/7276b6af-e66c-4baf-8222-c2d6caa4c3de_41202_ODNkNjQyNTMtZTQyZS00ODY2LTg1M2MtZDY2ZjczMmYwOGQ1/videos/12-07-2022-09:05:02:216.mp4],[],[],[],https://test.o360.online/downloads/7276b6af-e66c-4baf-8222-c2d6caa4c3de_41202_ODNkNjQyNTMtZTQyZS00ODY2LTg1M2MtZDY2ZjczMmYwOGQ1/12-07-2022-09:05:03:626.html
f2fa2e92-883d-4826-bfd2-81b60e2fdbe6,e9298e52-0439-46c1-b4c0-828f83ece81c,,https://www.google.com/,3.552,www.google.com,13.0283215,77.7114941,63,,12-07-2022,01:19.2,,Windows,10,[https://test.o360.online/downloads/e9298e52-0439-46c1-b4c0-828f83ece81c_41202_ZWVmOTUzODMtMmViMC00YzcyLWE2MjQtZjBlN2ZlNzExOGFl/videos/12-07-2022-09:02:35:282.mp4],[],[],[],https://test.o360.online/downloads/e9298e52-0439-46c1-b4c0-828f83ece81c_41202_ZWVmOTUzODMtMmViMC00YzcyLWE2MjQtZjBlN2ZlNzExOGFl/12-07-2022-09:02:35:444.html
f2fa2e92-883d-4826-bfd2-81b60e2fdbe6,e9298e52-0439-46c1-b4c0-828f83ece81c,myntra,https://www.google.com/,0,www.google.com,,,,,12-07-2022,01:22.6,,Windows,10,[https://test.o360.online/downloads/e9298e52-0439-46c1-b4c0-828f83ece81c_41202_ZWVmOTUzODMtMmViMC00YzcyLWE2MjQtZjBlN2ZlNzExOGFl/videos/12-07-2022-09:02:35:282.mp4],[],[],[],https://test.o360.online/downloads/e9298e52-0439-46c1-b4c0-828f83ece81c_41202_ZWVmOTUzODMtMmViMC00YzcyLWE2MjQtZjBlN2ZlNzExOGFl/12-07-2022-09:02:35:516.html
f2fa2e92-883d-4826-bfd2-81b60e2fdbe6,e9298e52-0439-46c1-b4c0-828f83ece81c,,https://www.google.com/search?q=myntra&sxsrf=ALiCzsYxNk9DYQ92MdGgGHmtCDy_-zYIrg%3A1657616478784&source=hp&ei=XjjNYpu8LNTx4-EP0fiI4AM&iflsig=AJiK0e8AAAAAYs1Gbkw5UwaVBA1MNU40Fb6BylA-qcpt&gs_ssp=eJzj4tLP1TfIyCg0M0tTYDRgdGDwYsutzCspSgQAT1UGoA&oq=Myn&gs_lcp=Cgdnd3Mtd2l6EAEYADIKCC4QxwEQ0QMQJzIICAAQsQMQkQIyCAgAELEDEJECMgsIABCABBCxAxCDATILCAAQgAQQsQMQgwEyDQgAEIAEEIcCELEDEBQyCAgAEIAEELEDMgsIABCABBCxAxCDATILCAAQgAQQsQMQgwEyBQgAEIAEOgQIIxAnOgUIABCRAjoRCC4QgAQQsQMQgwEQxwEQ0QM6CggAEIAEEIcCEBQ6CwguEIAEELEDENQCOgsILhCABBDHARCvAVAAWMkDYMUSaABwAHgAgAGzAYgBhwSSAQMwLjOYAQCgAQE&sclient=gws-wiz,1.767,www.google.com,,,,,12-07-2022,01:23.9,https://www.google.com/,Windows,10,[https://test.o360.online/downloads/e9298e52-0439-46c1-b4c0-828f83ece81c_41202_ZWVmOTUzODMtMmViMC00YzcyLWE2MjQtZjBlN2ZlNzExOGFl/videos/12-07-2022-09:02:35:282.mp4],[],[],[],https://test.o360.online/downloads/e9298e52-0439-46c1-b4c0-828f83ece81c_41202_ZWVmOTUzODMtMmViMC00YzcyLWE2MjQtZjBlN2ZlNzExOGFl/12-07-2022-09:02:35:636.html
f2fa2e92-883d-4826-bfd2-81b60e2fdbe6,e9298e52-0439-46c1-b4c0-828f83ece81c,,https://www.myntra.com/?utm_source=perf_google_search_brand&utm_medium=perf_google_search_brand&utm_campaign=Search%20-%20Myntra%20Brand%20(India)&gclid=CjwKCAjwt7SWBhAnEiwAx8ZLak-5h8ihkoxGa68FzZxFrUatpMV7LwV-Gi0zBX8G4XkA2Gj1NOoWZxoCGFAQAvD_BwE,9.909,www.myntra.com,,,,,12-07-2022,01:26.2,https://www.googleadservices.com/pagead/aclk?sa=L&ai=DChcSEwiT-IbN_vL4AhUbHCsKHf7kAQYYABAAGgJzZg&ae=2&ohost=www.google.com&cid=CAESWOD2zc8_8QjFFGTf6QIYC8AOnGBgDjdsjSzomRnjZPGxQGGLmiDymQ_EosVfmrqbl8QBQG2XBRA8iLIRLlCjvTTiacDWuCcyfd-NZqefpmddKcwmDaq6GEQ&sig=AOD64_0qEBQwmkIxOTPj60KZRydAHRjtjQ&q&adurl&ved=2ahUKEwi92__M_vL4AhXi-jgGHW1ICCEQ0Qx6BAgDEAE&nis=8&dct=1,Windows,10,[https://test.o360.online/downloads/e9298e52-0439-46c1-b4c0-828f83ece81c_41202_ZWVmOTUzODMtMmViMC00YzcyLWE2MjQtZjBlN2ZlNzExOGFl/videos/12-07-2022-09:02:35:282.mp4],[],[],[],https://test.o360.online/downloads/e9298e52-0439-46c1-b4c0-828f83ece81c_41202_ZWVmOTUzODMtMmViMC00YzcyLWE2MjQtZjBlN2ZlNzExOGFl/12-07-2022-09:02:35:766.html
f2fa2e92-883d-4826-bfd2-81b60e2fdbe6,e9298e52-0439-46c1-b4c0-828f83ece81c,Tshirts,https://www.myntra.com/?utm_source=perf_google_search_brand&utm_medium=perf_google_search_brand&utm_campaign=Search%20-%20Myntra%20Brand%20(India)&gclid=CjwKCAjwt7SWBhAnEiwAx8ZLak-5h8ihkoxGa68FzZxFrUatpMV7LwV-Gi0zBX8G4XkA2Gj1NOoWZxoCGFAQAvD_BwE,0,www.myntra.com,,,,,12-07-2022,01:36.0,,Windows,10,[https://test.o360.online/downloads/e9298e52-0439-46c1-b4c0-828f83ece81c_41202_ZWVmOTUzODMtMmViMC00YzcyLWE2MjQtZjBlN2ZlNzExOGFl/videos/12-07-2022-09:02:35:282.mp4],[],[],[],https://test.o360.online/downloads/e9298e52-0439-46c1-b4c0-828f83ece81c_41202_ZWVmOTUzODMtMmViMC00YzcyLWE2MjQtZjBlN2ZlNzExOGFl/12-07-2022-09:02:35:903.html
f2fa2e92-883d-4826-bfd2-81b60e2fdbe6,e9298e52-0439-46c1-b4c0-828f83ece81c,,https://www.myntra.com/tshirts/nautica/nautica-men-black-printed-regular-fit-round-neck-pure-cotton-t-shirt/11630380/buy,12.538,www.myntra.com,,,,,12-07-2022,01:56.2,https://www.myntra.com/tshirts,Windows,10,[https://test.o360.online/downloads/e9298e52-0439-46c1-b4c0-828f83ece81c_41202_ZWVmOTUzODMtMmViMC00YzcyLWE2MjQtZjBlN2ZlNzExOGFl/videos/12-07-2022-09:02:35:282.mp4],[],[],[],https://test.o360.online/downloads/e9298e52-0439-46c1-b4c0-828f83ece81c_41202_ZWVmOTUzODMtMmViMC00YzcyLWE2MjQtZjBlN2ZlNzExOGFl/12-07-2022-09:02:36:099.html
f2fa2e92-883d-4826-bfd2-81b60e2fdbe6,e9298e52-0439-46c1-b4c0-828f83ece81c,,https://www.myntra.com/personal-care,0,www.myntra.com,,,,,12-07-2022,02:00.4,https://www.myntra.com/personal-care,Windows,10,[https://test.o360.online/downloads/e9298e52-0439-46c1-b4c0-828f83ece81c_41202_ZWVmOTUzODMtMmViMC00YzcyLWE2MjQtZjBlN2ZlNzExOGFl/videos/12-07-2022-09:02:35:282.mp4],[],[],[],https://test.o360.online/downloads/e9298e52-0439-46c1-b4c0-828f83ece81c_41202_ZWVmOTUzODMtMmViMC00YzcyLWE2MjQtZjBlN2ZlNzExOGFl/12-07-2022-09:02:36:218.html
f2fa2e92-883d-4826-bfd2-81b60e2fdbe6,e9298e52-0439-46c1-b4c0-828f83ece81c,,https://www.myntra.com/shampoo-and-conditioner/loreal-professionnel/loreal-professionnel-xtenso-care-shampoo---250-ml/1444681/buy,7.069,www.myntra.com,,,,,12-07-2022,02:03.9,https://www.myntra.com/personal-care,Windows,10,[https://test.o360.online/downloads/e9298e52-0439-46c1-b4c0-828f83ece81c_41202_ZWVmOTUzODMtMmViMC00YzcyLWE2MjQtZjBlN2ZlNzExOGFl/videos/12-07-2022-09:02:35:282.mp4],[],[],[],https://test.o360.online/downloads/e9298e52-0439-46c1-b4c0-828f83ece81c_41202_ZWVmOTUzODMtMmViMC00YzcyLWE2MjQtZjBlN2ZlNzExOGFl/12-07-2022-09:02:36:344.html
f2fa2e92-883d-4826-bfd2-81b60e2fdbe6,e9298e52-0439-46c1-b4c0-828f83ece81c,,https://www.myntra.com/shop/home-living,6.387,www.myntra.com,,,,,12-07-2022,02:11.7,https://www.myntra.com/shop/home-living,Windows,10,[https://test.o360.online/downloads/e9298e52-0439-46c1-b4c0-828f83ece81c_41202_ZWVmOTUzODMtMmViMC00YzcyLWE2MjQtZjBlN2ZlNzExOGFl/videos/12-07-2022-09:02:35:282.mp4],[],[],[],https://test.o360.online/downloads/e9298e52-0439-46c1-b4c0-828f83ece81c_41202_ZWVmOTUzODMtMmViMC00YzcyLWE2MjQtZjBlN2ZlNzExOGFl/12-07-2022-09:02:36:425.html
f2fa2e92-883d-4826-bfd2-81b60e2fdbe6,e9298e52-0439-46c1-b4c0-828f83ece81c,,https://www.myntra.com/home-furnishing-menu?f=categories%3ABed%20Covers%2CBedding%20Set%2CBedsheets%2CBlankets%20Quilts%20and%20Dohars%2CBolster%20Covers%2CDiwan%20Set%2CHome%20Gift%20Sets%2CMattress%20Protector%2CPillow%20Covers%2CPillows,25,www.myntra.com,,,,,12-07-2022,02:18.5,https://www.myntra.com/home-furnishing-menu?f=categories%3ABed%20Covers%2CBedding%20Set%2CBedsheets%2CBlankets%20Quilts%20and%20Dohars%2CBolster%20Covers%2CDiwan%20Set%2CHome%20Gift%20Sets%2CMattress%20Protector%2CPillow%20Covers%2CPillows,Windows,10,[https://test.o360.online/downloads/e9298e52-0439-46c1-b4c0-828f83ece81c_41202_ZWVmOTUzODMtMmViMC00YzcyLWE2MjQtZjBlN2ZlNzExOGFl/videos/12-07-2022-09:02:35:282.mp4],[],[],[],https://test.o360.online/downloads/e9298e52-0439-46c1-b4c0-828f83ece81c_41202_ZWVmOTUzODMtMmViMC00YzcyLWE2MjQtZjBlN2ZlNzExOGFl/12-07-2022-09:02:36:523.html
9b54d33e-6908-4965-9cb3-d97a8e5a7f28,24959dc0-79f3-411d-a566-a883f5067d58,,https://www.google.com/,5.746,www.google.com,13.0283215,77.7114941,74,,12-07-2022,58:39.2,,Windows,10,[https://test.o360.online/downloads/24959dc0-79f3-411d-a566-a883f5067d58_41202_ZGYwOGFhMWYtODJmNy00ZmZmLThjN2YtNTExYzQ2YmE4OTI5/videos/12-07-2022-08:00:10:864.mp4],[],[],[],https://test.o360.online/downloads/24959dc0-79f3-411d-a566-a883f5067d58_41202_ZGYwOGFhMWYtODJmNy00ZmZmLThjN2YtNTExYzQ2YmE4OTI5/12-07-2022-08:00:11:078.html
9b54d33e-6908-4965-9cb3-d97a8e5a7f28,24959dc0-79f3-411d-a566-a883f5067d58,amazon india,https://www.google.com/,0,www.google.com,,,,,12-07-2022,58:44.8,,Windows,10,[https://test.o360.online/downloads/24959dc0-79f3-411d-a566-a883f5067d58_41202_ZGYwOGFhMWYtODJmNy00ZmZmLThjN2YtNTExYzQ2YmE4OTI5/videos/12-07-2022-08:00:10:864.mp4],[],[],[],https://test.o360.online/downloads/24959dc0-79f3-411d-a566-a883f5067d58_41202_ZGYwOGFhMWYtODJmNy00ZmZmLThjN2YtNTExYzQ2YmE4OTI5/12-07-2022-08:00:11:207.html
9b54d33e-6908-4965-9cb3-d97a8e5a7f28,24959dc0-79f3-411d-a566-a883f5067d58,,https://www.google.com/search?q=amazon+india&sxsrf=ALiCzsZPbETQUvNz4rxycC-DWpXQVObNvQ%3A1657612718793&source=hp&ei=rinNYpe3LI3g4-EP6cao-AU&iflsig=AJiK0e8AAAAAYs03vmgnNjXlmPB-SV3rSwE1j19efo3f&oq=Amazon&gs_lcp=Cgdnd3Mtd2l6EAEYADIECCMQJzIKCC4QxwEQ0QMQJzIKCAAQsQMQgwEQQzIKCAAQsQMQgwEQQzIFCAAQgAQyCggAELEDEIMBEEMyCggAELEDEIMBEEMyBAgAEEMyCggAELEDEIMBEEMyBQgAEIAEOggIABCxAxCDAToFCC4QgAQ6EQguEIAEELEDEIMBEMcBENEDOgQILhBDOggILhCABBCxAzoNCAAQsQMQgwEQQxCLAzoHCAAQQxCLA1AAWK8JYP0VaABwAHgAgAGeAYgBjgeSAQMwLjaYAQCgAQG4AQI&sclient=gws-wiz,2.299,www.google.com,,,,,12-07-2022,58:46.2,https://www.google.com/,Windows,10,[https://test.o360.online/downloads/24959dc0-79f3-411d-a566-a883f5067d58_41202_ZGYwOGFhMWYtODJmNy00ZmZmLThjN2YtNTExYzQ2YmE4OTI5/videos/12-07-2022-08:00:10:864.mp4],[],[],[],https://test.o360.online/downloads/24959dc0-79f3-411d-a566-a883f5067d58_41202_ZGYwOGFhMWYtODJmNy00ZmZmLThjN2YtNTExYzQ2YmE4OTI5/12-07-2022-08:00:11:335.html
9b54d33e-6908-4965-9cb3-d97a8e5a7f28,24959dc0-79f3-411d-a566-a883f5067d58,,https://www.amazon.in/?&ext_vrnc=hi&tag=googinhydr1-21&ref=pd_sl_98xjxt98l7_e&adgrpid=60639568242&hvpone=&hvptwo=&hvadid=294102729351&hvpos=&hvnetw=g&hvrand=17992868773437420870&hvqmt=e&hvdev=c&hvdvcmdl=&hvlocint=&hvlocphy=9061994&hvtargid=kwd-316976916880&hydadcr=5841_1738695&gclid=CjwKCAjwt7SWBhAnEiwAx8ZLauPehsf2jufJsVjcULn9jYTvl-zoiCgxNgv6eCyDsTydz0J3J8pScxoCM9UQAvD_BwE,4.863,www.amazon.in,,,,,12-07-2022,58:50.1,https://www.google.com/aclk?sa=L&ai=DChcSEwj_vJvN8PL4AhVkk2YCHZFOCTMYABAAGgJzbQ&ae=2&sig=AOD64_2NRaadyAQcYzWCFbFT-cQLJwaImA&q&adurl&ved=2ahUKEwj2wJLN8PL4AhXX6jgGHe8zDfoQ0Qx6BAgCEAE&nis=8&dct=1,Windows,10,[https://test.o360.online/downloads/24959dc0-79f3-411d-a566-a883f5067d58_41202_ZGYwOGFhMWYtODJmNy00ZmZmLThjN2YtNTExYzQ2YmE4OTI5/videos/12-07-2022-08:00:10:864.mp4],[],[],[],https://test.o360.online/downloads/24959dc0-79f3-411d-a566-a883f5067d58_41202_ZGYwOGFhMWYtODJmNy00ZmZmLThjN2YtNTExYzQ2YmE4OTI5/12-07-2022-08:00:11:496.html
9b54d33e-6908-4965-9cb3-d97a8e5a7f28,24959dc0-79f3-411d-a566-a883f5067d58,Books,https://www.amazon.in/?&ext_vrnc=hi&tag=googinhydr1-21&ref=pd_sl_98xjxt98l7_e&adgrpid=60639568242&hvpone=&hvptwo=&hvadid=294102729351&hvpos=&hvnetw=g&hvrand=17992868773437420870&hvqmt=e&hvdev=c&hvdvcmdl=&hvlocint=&hvlocphy=9061994&hvtargid=kwd-316976916880&hydadcr=5841_1738695&gclid=CjwKCAjwt7SWBhAnEiwAx8ZLauPehsf2jufJsVjcULn9jYTvl-zoiCgxNgv6eCyDsTydz0J3J8pScxoCM9UQAvD_BwE,0,www.amazon.in,,,,,12-07-2022,58:53.8,,Windows,10,[https://test.o360.online/downloads/24959dc0-79f3-411d-a566-a883f5067d58_41202_ZGYwOGFhMWYtODJmNy00ZmZmLThjN2YtNTExYzQ2YmE4OTI5/videos/12-07-2022-08:00:10:864.mp4],[],[],[],https://test.o360.online/downloads/24959dc0-79f3-411d-a566-a883f5067d58_41202_ZGYwOGFhMWYtODJmNy00ZmZmLThjN2YtNTExYzQ2YmE4OTI5/12-07-2022-08:00:11:642.html
9b54d33e-6908-4965-9cb3-d97a8e5a7f28,24959dc0-79f3-411d-a566-a883f5067d58,,https://www.amazon.in/s?k=books+for+2+%2B+year+old&crid=35I1ZNE5EZDRC&sprefix=Books%2Caps%2C246&ref=nb_sb_ss_ts-doa-p_3_5,0,www.amazon.in,,,,,12-07-2022,58:55.7,https://www.amazon.in/?&ext_vrnc=hi&tag=googinhydr1-21&ref=pd_sl_98xjxt98l7_e&adgrpid=60639568242&hvpone=&hvptwo=&hvadid=294102729351&hvpos=&hvnetw=g&hvrand=17992868773437420870&hvqmt=e&hvdev=c&hvdvcmdl=&hvlocint=&hvlocphy=9061994&hvtargid=kwd-316976916880&hydadcr=5841_1738695&gclid=CjwKCAjwt7SWBhAnEiwAx8ZLauPehsf2jufJsVjcULn9jYTvl-zoiCgxNgv6eCyDsTydz0J3J8pScxoCM9UQAvD_BwE,Windows,10,[https://test.o360.online/downloads/24959dc0-79f3-411d-a566-a883f5067d58_41202_ZGYwOGFhMWYtODJmNy00ZmZmLThjN2YtNTExYzQ2YmE4OTI5/videos/12-07-2022-08:00:10:864.mp4],[],[],[],https://test.o360.online/downloads/24959dc0-79f3-411d-a566-a883f5067d58_41202_ZGYwOGFhMWYtODJmNy00ZmZmLThjN2YtNTExYzQ2YmE4OTI5/12-07-2022-08:00:11:764.html
9b54d33e-6908-4965-9cb3-d97a8e5a7f28,24959dc0-79f3-411d-a566-a883f5067d58,,https://www.amazon.in/My-First-Library-Boxset-Board/dp/9387779262/ref=sr_1_1_sspa?crid=35I1ZNE5EZDRC&keywords=books+for+2+%2B+year+old&qid=1657612734&sprefix=Books%2Caps%2C246&sr=8-1-spons&psc=1&spLa=ZW5jcnlwdGVkUXVhbGlmaWVyPUFTOE5SRUNUNk1NUTEmZW5jcnlwdGVkSWQ9QTAzMDk0OTA3SDJQU0c1UVNLVVkmZW5jcnlwdGVkQWRJZD1BMDcwODgzNTNGT0dKR1c4TDROMEQmd2lkZ2V0TmFtZT1zcF9hdGYmYWN0aW9uPWNsaWNrUmVkaXJlY3QmZG9Ob3RMb2dDbGljaz10cnVl,29.807,www.amazon.in,,,,,12-07-2022,59:04.3,https://www.amazon.in/s?k=books+for+2+%2B+year+old&crid=35I1ZNE5EZDRC&sprefix=Books%2Caps%2C246&ref=nb_sb_ss_ts-doa-p_3_5,Windows,10,[https://test.o360.online/downloads/24959dc0-79f3-411d-a566-a883f5067d58_41202_ZGYwOGFhMWYtODJmNy00ZmZmLThjN2YtNTExYzQ2YmE4OTI5/videos/12-07-2022-08:00:10:864.mp4],[],[],[],https://test.o360.online/downloads/24959dc0-79f3-411d-a566-a883f5067d58_41202_ZGYwOGFhMWYtODJmNy00ZmZmLThjN2YtNTExYzQ2YmE4OTI5/12-07-2022-08:00:11:935.html
9b54d33e-6908-4965-9cb3-d97a8e5a7f28,24959dc0-79f3-411d-a566-a883f5067d58,books for 2 + year old,https://www.amazon.in/My-First-Library-Boxset-Board/dp/9387779262/ref=sr_1_1_sspa?crid=35I1ZNE5EZDRC&keywords=books+for+2+%2B+year+old&qid=1657612734&sprefix=Books%2Caps%2C246&sr=8-1-spons&psc=1&spLa=ZW5jcnlwdGVkUXVhbGlmaWVyPUFTOE5SRUNUNk1NUTEmZW5jcnlwdGVkSWQ9QTAzMDk0OTA3SDJQU0c1UVNLVVkmZW5jcnlwdGVkQWRJZD1BMDcwODgzNTNGT0dKR1c4TDROMEQmd2lkZ2V0TmFtZT1zcF9hdGYmYWN0aW9uPWNsaWNrUmVkaXJlY3QmZG9Ob3RMb2dDbGljaz10cnVl,0,www.amazon.in,,,,,12-07-2022,59:33.3,,Windows,10,[https://test.o360.online/downloads/24959dc0-79f3-411d-a566-a883f5067d58_41202_ZGYwOGFhMWYtODJmNy00ZmZmLThjN2YtNTExYzQ2YmE4OTI5/videos/12-07-2022-08:00:10:864.mp4],[],[],[],https://test.o360.online/downloads/24959dc0-79f3-411d-a566-a883f5067d58_41202_ZGYwOGFhMWYtODJmNy00ZmZmLThjN2YtNTExYzQ2YmE4OTI5/12-07-2022-08:00:12:112.html
9b54d33e-6908-4965-9cb3-d97a8e5a7f28,24959dc0-79f3-411d-a566-a883f5067d58,,https://www.amazon.in/s?k=books+for+2+%2B+year+old+with+pictures&crid=HY8MKPEXTSPZ&sprefix=books+for+2+%2B+year+old%2Caps%2C211&ref=nb_sb_ss_ts-doa-p_4_22,0,www.amazon.in,,,,,12-07-2022,59:34.8,https://www.amazon.in/My-First-Library-Boxset-Board/dp/9387779262/ref=sr_1_1_sspa?crid=35I1ZNE5EZDRC&keywords=books+for+2+%2B+year+old&qid=1657612734&sprefix=Books%2Caps%2C246&sr=8-1-spons&psc=1&spLa=ZW5jcnlwdGVkUXVhbGlmaWVyPUFTOE5SRUNUNk1NUTEmZW5jcnlwdGVkSWQ9QTAzMDk0OTA3SDJQU0c1UVNLVVkmZW5jcnlwdGVkQWRJZD1BMDcwODgzNTNGT0dKR1c4TDROMEQmd2lkZ2V0TmFtZT1zcF9hdGYmYWN0aW9uPWNsaWNrUmVkaXJlY3QmZG9Ob3RMb2dDbGljaz10cnVl,Windows,10,[https://test.o360.online/downloads/24959dc0-79f3-411d-a566-a883f5067d58_41202_ZGYwOGFhMWYtODJmNy00ZmZmLThjN2YtNTExYzQ2YmE4OTI5/videos/12-07-2022-08:00:10:864.mp4],[],[],[],https://test.o360.online/downloads/24959dc0-79f3-411d-a566-a883f5067d58_41202_ZGYwOGFhMWYtODJmNy00ZmZmLThjN2YtNTExYzQ2YmE4OTI5/12-07-2022-08:00:12:234.html
9b54d33e-6908-4965-9cb3-d97a8e5a7f28,24959dc0-79f3-411d-a566-a883f5067d58,,https://www.amazon.in/Moral-Story-Books-Illustrated-Stories/dp/9381569886/ref=sr_1_13?crid=HY8MKPEXTSPZ&keywords=books+for+2+%2B+year+old+with+pictures&qid=1657612773&sprefix=books+for+2+%2B+year+old%2Caps%2C211&sr=8-13,34,www.amazon.in,,,,,12-07-2022,59:46.0,https://www.amazon.in/s?k=books+for+2+%2B+year+old+with+pictures&crid=HY8MKPEXTSPZ&sprefix=books+for+2+%2B+year+old%2Caps%2C211&ref=nb_sb_ss_ts-doa-p_4_22,Windows,10,[https://test.o360.online/downloads/24959dc0-79f3-411d-a566-a883f5067d58_41202_ZGYwOGFhMWYtODJmNy00ZmZmLThjN2YtNTExYzQ2YmE4OTI5/videos/12-07-2022-08:00:10:864.mp4],[],[],[],https://test.o360.online/downloads/24959dc0-79f3-411d-a566-a883f5067d58_41202_ZGYwOGFhMWYtODJmNy00ZmZmLThjN2YtNTExYzQ2YmE4OTI5/12-07-2022-08:00:12:428.html
dee168fb-4293-4cf2-b691-3ed0beebd857,3d3d70fc-8b92-4b60-b720-6503f49fc831,,https://www.google.com/,7.816,www.google.com,13.0283215,77.7114941,33,,12-07-2022,56:51.1,,Windows,10,[https://test.o360.online/downloads/3d3d70fc-8b92-4b60-b720-6503f49fc831_41202_NjY4ZGY0NmUtZmNhNi00MWQ1LTlhZjctMjBmYzY2ZGZhNTI3/videos/12-07-2022-07:57:30:846.mp4],[],[],[],https://test.o360.online/downloads/3d3d70fc-8b92-4b60-b720-6503f49fc831_41202_NjY4ZGY0NmUtZmNhNi00MWQ1LTlhZjctMjBmYzY2ZGZhNTI3/12-07-2022-07:57:31:024.html
dee168fb-4293-4cf2-b691-3ed0beebd857,3d3d70fc-8b92-4b60-b720-6503f49fc831,myntra,https://www.google.com/,0,www.google.com,,,,,12-07-2022,56:58.7,,Windows,10,[https://test.o360.online/downloads/3d3d70fc-8b92-4b60-b720-6503f49fc831_41202_NjY4ZGY0NmUtZmNhNi00MWQ1LTlhZjctMjBmYzY2ZGZhNTI3/videos/12-07-2022-07:57:30:846.mp4],[],[],[],https://test.o360.online/downloads/3d3d70fc-8b92-4b60-b720-6503f49fc831_41202_NjY4ZGY0NmUtZmNhNi00MWQ1LTlhZjctMjBmYzY2ZGZhNTI3/12-07-2022-07:57:31:294.html
dee168fb-4293-4cf2-b691-3ed0beebd857,3d3d70fc-8b92-4b60-b720-6503f49fc831,,https://www.google.com/search?q=myntra&sxsrf=ALiCzsbdKsnQXy-FJMw4KPjSermS3oMLzQ%3A1657612610553&source=hp&ei=QinNYtazH4KMseMPz-aoiAM&iflsig=AJiK0e8AAAAAYs03Urz-vicF_3xeOgK9iexxJy06Vk2H&gs_ssp=eJzj4tLP1TfIyCg0M0tTYDRgdGDwYsutzCspSgQAT1UGoA&oq=Myntr&gs_lcp=Cgdnd3Mtd2l6EAEYADIKCC4QxwEQ0QMQJzIECAAQQzIQCAAQgAQQhwIQsQMQgwEQFDILCAAQgAQQsQMQgwEyBAgAEEMyBAgAEEMyBAgAEEMyBAgAEEMyCAgAEIAEELEDMggIABCABBCxAzoECCMQJzoKCAAQsQMQgwEQQzoRCC4QgAQQsQMQgwEQxwEQ0QM6CwguEIAEELEDEIMBUABYigdgrRRoAHAAeACAAbcBiAGbBpIBAzAuNZgBAKABAQ&sclient=gws-wiz,1.528,www.google.com,,,,,12-07-2022,56:59.8,https://www.google.com/,Windows,10,[https://test.o360.online/downloads/3d3d70fc-8b92-4b60-b720-6503f49fc831_41202_NjY4ZGY0NmUtZmNhNi00MWQ1LTlhZjctMjBmYzY2ZGZhNTI3/videos/12-07-2022-07:57:30:846.mp4],[],[],[],https://test.o360.online/downloads/3d3d70fc-8b92-4b60-b720-6503f49fc831_41202_NjY4ZGY0NmUtZmNhNi00MWQ1LTlhZjctMjBmYzY2ZGZhNTI3/12-07-2022-07:57:31:455.html
dee168fb-4293-4cf2-b691-3ed0beebd857,3d3d70fc-8b92-4b60-b720-6503f49fc831,,https://www.myntra.com/?utm_source=perf_google_search_brand&utm_medium=perf_google_search_brand&utm_campaign=Search%20-%20Myntra%20Brand%20(India)&gclid=CjwKCAjwt7SWBhAnEiwAx8ZLaovgksTif4RSY7spmQptiQ7GeGN2AOpe_5yq4eujYMCLL5_fSJDj8hoCi8EQAvD_BwE,7.629,www.myntra.com,,,,,12-07-2022,57:02.1,https://www.googleadservices.com/pagead/aclk?sa=L&ai=DChcSEwizj86a8PL4AhVlmGYCHfYCAnIYABAAGgJzbQ&ae=2&ohost=www.google.com&cid=CAESWOD25hXM-GMa45ai-dL3F4qE9_snmv7ZL0XQbf5Jok_eoGvJIwbEmTgqLouFQZshRc3JQL-Rx01E7p0_I-8khp_ZYOIjXWSzvwlsg8x7q6sXre3j4eSRg-8&sig=AOD64_0je7v97Px-PJS1NuTZqiuavMc8bA&q&adurl&ved=2ahUKEwi8hMia8PL4AhV9SWwGHVPcBHQQ0Qx6BAgDEAE&nis=8&dct=1,Windows,10,[https://test.o360.online/downloads/3d3d70fc-8b92-4b60-b720-6503f49fc831_41202_NjY4ZGY0NmUtZmNhNi00MWQ1LTlhZjctMjBmYzY2ZGZhNTI3/videos/12-07-2022-07:57:30:846.mp4],[],[],[],https://test.o360.online/downloads/3d3d70fc-8b92-4b60-b720-6503f49fc831_41202_NjY4ZGY0NmUtZmNhNi00MWQ1LTlhZjctMjBmYzY2ZGZhNTI3/12-07-2022-07:57:31:613.html
dee168fb-4293-4cf2-b691-3ed0beebd857,3d3d70fc-8b92-4b60-b720-6503f49fc831,Shirt,https://www.myntra.com/?utm_source=perf_google_search_brand&utm_medium=perf_google_search_brand&utm_campaign=Search%20-%20Myntra%20Brand%20(India)&gclid=CjwKCAjwt7SWBhAnEiwAx8ZLaovgksTif4RSY7spmQptiQ7GeGN2AOpe_5yq4eujYMCLL5_fSJDj8hoCi8EQAvD_BwE,0,www.myntra.com,,,,,12-07-2022,57:09.6,,Windows,10,[https://test.o360.online/downloads/3d3d70fc-8b92-4b60-b720-6503f49fc831_41202_NjY4ZGY0NmUtZmNhNi00MWQ1LTlhZjctMjBmYzY2ZGZhNTI3/videos/12-07-2022-07:57:30:846.mp4],[],[],[],https://test.o360.online/downloads/3d3d70fc-8b92-4b60-b720-6503f49fc831_41202_NjY4ZGY0NmUtZmNhNi00MWQ1LTlhZjctMjBmYzY2ZGZhNTI3/12-07-2022-07:57:31:763.html
dee168fb-4293-4cf2-b691-3ed0beebd857,3d3d70fc-8b92-4b60-b720-6503f49fc831,,https://www.myntra.com/shirts-men?extra_search_param=isautosuggestentry%3atrue%3a%3aid%3a2297-shirts-men,0,www.myntra.com,,,,,12-07-2022,57:11.3,https://www.myntra.com/?utm_source=perf_google_search_brand&utm_medium=perf_google_search_brand&utm_campaign=Search%20-%20Myntra%20Brand%20(India)&gclid=CjwKCAjwt7SWBhAnEiwAx8ZLaovgksTif4RSY7spmQptiQ7GeGN2AOpe_5yq4eujYMCLL5_fSJDj8hoCi8EQAvD_BwE,Windows,10,[https://test.o360.online/downloads/3d3d70fc-8b92-4b60-b720-6503f49fc831_41202_NjY4ZGY0NmUtZmNhNi00MWQ1LTlhZjctMjBmYzY2ZGZhNTI3/videos/12-07-2022-07:57:30:846.mp4],[],[],[],https://test.o360.online/downloads/3d3d70fc-8b92-4b60-b720-6503f49fc831_41202_NjY4ZGY0NmUtZmNhNi00MWQ1LTlhZjctMjBmYzY2ZGZhNTI3/12-07-2022-07:57:31:880.html
dee168fb-4293-4cf2-b691-3ed0beebd857,3d3d70fc-8b92-4b60-b720-6503f49fc831,,https://www.myntra.com/shirts/roadster/roadster-men-pack-of-2-sustainable-shirts/2038071/buy,18,www.myntra.com,,,,,12-07-2022,57:13.0,https://www.myntra.com/shirts-men?extra_search_param=isautosuggestentry%3atrue%3a%3aid%3a2297-shirts-men,Windows,10,[https://test.o360.online/downloads/3d3d70fc-8b92-4b60-b720-6503f49fc831_41202_NjY4ZGY0NmUtZmNhNi00MWQ1LTlhZjctMjBmYzY2ZGZhNTI3/videos/12-07-2022-07:57:30:846.mp4],[],[],[],https://test.o360.online/downloads/3d3d70fc-8b92-4b60-b720-6503f49fc831_41202_NjY4ZGY0NmUtZmNhNi00MWQ1LTlhZjctMjBmYzY2ZGZhNTI3/12-07-2022-07:57:31:996.html
a9351853-31db-4315-8e49-c9eb5a04c3ab,237b5759-198d-4748-8a88-c3bdb94bfffa,,https://www.google.com/,0,www.google.com,13.0283215,77.7114941,109,,12-07-2022,37:46.9,,Windows,10,[https://test.o360.online/downloads/237b5759-198d-4748-8a88-c3bdb94bfffa_41202_MTdlY2UyNTMtOTYzZS00OGFiLWJlODktNWY5MWY5MzdiMDVl/videos/12-07-2022-07:39:59:497.mp4],[],[],[],https://test.o360.online/downloads/237b5759-198d-4748-8a88-c3bdb94bfffa_41202_MTdlY2UyNTMtOTYzZS00OGFiLWJlODktNWY5MWY5MzdiMDVl/12-07-2022-07:39:59:745.html
a9351853-31db-4315-8e49-c9eb5a04c3ab,237b5759-198d-4748-8a88-c3bdb94bfffa,,https://www.google.com/search?gs_ssp=eJzj4tLP1TdILkqpqihQYDRgdGDw4kjLySzITiwqAQBm2Afs&q=flipkart&rlz=1C1ONGR_enIN1009IN1009&oq=Fli&aqs=chrome.1.69i57j46i39i199i465j69i59j0i67i131i433l2j0i67i433j0i67i131i433j0i131i433i512j0i67j0i271.2825j0j4&sourceid=chrome&ie=UTF-8,1.353,www.google.com,,,,,12-07-2022,37:55.4,,Windows,10,[https://test.o360.online/downloads/237b5759-198d-4748-8a88-c3bdb94bfffa_41202_MTdlY2UyNTMtOTYzZS00OGFiLWJlODktNWY5MWY5MzdiMDVl/videos/12-07-2022-07:39:59:497.mp4],[],[],[],https://test.o360.online/downloads/237b5759-198d-4748-8a88-c3bdb94bfffa_41202_MTdlY2UyNTMtOTYzZS00OGFiLWJlODktNWY5MWY5MzdiMDVl/12-07-2022-07:39:59:868.html
a9351853-31db-4315-8e49-c9eb5a04c3ab,237b5759-198d-4748-8a88-c3bdb94bfffa,,https://www.flipkart.com/grocery-supermart-store?gclid=CKaFm_rr8vgCFVHV1AodN6kDuA&marketplace=GROCERY&ef_id=CjwKCAjwt7SWBhAnEiwAx8ZLagmsAtW7vy7Mdb3mbK2HCF2j-Gr89hE5GC-Ro4HRnQel4lZRwmF7BhoChSgQAvD_BwE:G:s&s_kwcid=AL!739!3!534983056008!b!!g!!indian%20store%20online%20shopping&gclsrc=aw.ds&&semcmpid=sem_8110360789_Consumables_Grocery-BLR(mobile)_supermarket_goog,8.645,www.flipkart.com,,,,,12-07-2022,37:59.3,https://www.googleadservices.com/pagead/aclk?sa=L&ai=DChcSEwiPndn46_L4AhXfmWYCHQVcB0QYABAAGgJzbQ&ohost=www.google.com&cid=CAESWOD2ETZMxejhsLVdsolVi96uv-vTlhnOL4bbRxpsGWZbD1NGO2h6eN35grUekapzqepO9Dn0ayHzr71--p2RZD2R5PY-MNGGhp1TtRmLdCsgWwGXi2QTrDY&sig=AOD64_2jYnTyylT2Mh1mYicJhJ7aRXMPGg&q&adurl&ved=2ahUKEwjXqdL46_L4AhWr7zgGHcYYBY4Q0Qx6BAgDEAE&nis=8,Windows,10,[https://test.o360.online/downloads/237b5759-198d-4748-8a88-c3bdb94bfffa_41202_MTdlY2UyNTMtOTYzZS00OGFiLWJlODktNWY5MWY5MzdiMDVl/videos/12-07-2022-07:39:59:497.mp4],[],[],[],https://test.o360.online/downloads/237b5759-198d-4748-8a88-c3bdb94bfffa_41202_MTdlY2UyNTMtOTYzZS00OGFiLWJlODktNWY5MWY5MzdiMDVl/12-07-2022-07:40:00:287.html
a9351853-31db-4315-8e49-c9eb5a04c3ab,237b5759-198d-4748-8a88-c3bdb94bfffa,rice,https://www.flipkart.com/search?q=rice&sid=73z%2Cbpe%2Czwp%2C9od&as=on&as-show=on&marketplace=GROCERY&otracker=AS_QueryStore_OrganicAutoSuggest_1_4_na_na_na&otracker1=AS_QueryStore_OrganicAutoSuggest_1_4_na_na_na&as-pos=1&as-type=RECENT&suggestionId=rice%7CBasmati+Rice&requestId=8f37c758-8980-436f-943a-fd9a02bbe87e&as-searchtext=Rice,0,www.flipkart.com,,,,,12-07-2022,38:07.5,,Windows,10,[https://test.o360.online/downloads/237b5759-198d-4748-8a88-c3bdb94bfffa_41202_MTdlY2UyNTMtOTYzZS00OGFiLWJlODktNWY5MWY5MzdiMDVl/videos/12-07-2022-07:39:59:497.mp4],[],[],[],https://test.o360.online/downloads/237b5759-198d-4748-8a88-c3bdb94bfffa_41202_MTdlY2UyNTMtOTYzZS00OGFiLWJlODktNWY5MWY5MzdiMDVl/12-07-2022-07:40:00:357.html
a9351853-31db-4315-8e49-c9eb5a04c3ab,237b5759-198d-4748-8a88-c3bdb94bfffa,,https://www.flipkart.com/daawat-pulav-basmati-rice-long-grain/p/itmex3vwfhrsevy9?pid=RICEUC2YMSY3ZNCK&lid=LSTRICEUC2YMSY3ZNCKTYFHTS&marketplace=GROCERY&iid=en_%2FlFgoJwTYFdq1Pa6D2uHyMi1tA5tQH44FwEuPmMWcz5JQXwvWJnh%2F3EAFLlT%2FCK7FERXjyAcH61yj1z6u2AS%2Fg%3D%3D,13.725,www.flipkart.com,,,,,12-07-2022,38:23.4,,Windows,10,[https://test.o360.online/downloads/237b5759-198d-4748-8a88-c3bdb94bfffa_41202_MTdlY2UyNTMtOTYzZS00OGFiLWJlODktNWY5MWY5MzdiMDVl/videos/12-07-2022-07:39:59:497.mp4],[],[],[],https://test.o360.online/downloads/237b5759-198d-4748-8a88-c3bdb94bfffa_41202_MTdlY2UyNTMtOTYzZS00OGFiLWJlODktNWY5MWY5MzdiMDVl/12-07-2022-07:40:00:423.html
a9351853-31db-4315-8e49-c9eb5a04c3ab,237b5759-198d-4748-8a88-c3bdb94bfffa,haldiram namkeen,https://www.flipkart.com/search?q=haldiram+namkeen&sid=73z%2Cujs%2Cdd9%2Cw66&as=on&as-show=on&marketplace=GROCERY&otracker=AS_QueryStore_OrganicAutoSuggest_1_6_na_na_na&otracker1=AS_QueryStore_OrganicAutoSuggest_1_6_na_na_na&as-pos=1&as-type=RECENT&suggestionId=haldiram+namkeen%7CNamkeen&requestId=50245f60-b89e-4fe4-ab45-3f3d3589f61a&as-searchtext=Nakeen,0,www.flipkart.com,,,,,12-07-2022,38:36.4,,Windows,10,[https://test.o360.online/downloads/237b5759-198d-4748-8a88-c3bdb94bfffa_41202_MTdlY2UyNTMtOTYzZS00OGFiLWJlODktNWY5MWY5MzdiMDVl/videos/12-07-2022-07:39:59:497.mp4],[],[],[],https://test.o360.online/downloads/237b5759-198d-4748-8a88-c3bdb94bfffa_41202_MTdlY2UyNTMtOTYzZS00OGFiLWJlODktNWY5MWY5MzdiMDVl/12-07-2022-07:40:00:476.html
a9351853-31db-4315-8e49-c9eb5a04c3ab,237b5759-198d-4748-8a88-c3bdb94bfffa,,https://www.flipkart.com/haldiram-s-aloo-bhujia/p/itma77260a1d3da8?pid=SNSETFPYZQ3FGJ5V&lid=LSTSNSETFPYZQ3FGJ5VVHECLZ&marketplace=GROCERY&iid=0cc21d89-c96d-4fab-85d1-a86e5053421e.SNSETFPYZQ3FGJ5V.SEARCH,0,www.flipkart.com,,,,,12-07-2022,38:43.4,,Windows,10,[https://test.o360.online/downloads/237b5759-198d-4748-8a88-c3bdb94bfffa_41202_MTdlY2UyNTMtOTYzZS00OGFiLWJlODktNWY5MWY5MzdiMDVl/videos/12-07-2022-07:39:59:497.mp4],[],[],[],https://test.o360.online/downloads/237b5759-198d-4748-8a88-c3bdb94bfffa_41202_MTdlY2UyNTMtOTYzZS00OGFiLWJlODktNWY5MWY5MzdiMDVl/12-07-2022-07:40:00:538.html
a9351853-31db-4315-8e49-c9eb5a04c3ab,237b5759-198d-4748-8a88-c3bdb94bfffa,,https://www.flipkart.com/farmley-premium-california-almonds/p/itm2d77e40f88619?pid=NDFFYC8CRPXW24DZ&lid=LSTNDFFYC8CRPXW24DZZFHAO3&marketplace=GROCERY&fm=productRecommendation%2Fattach&iid=R%3Aa%3Bp%3ASNSETFPYZQ3FGJ5V%3Bl%3ALSTSNSETFPYZQ3FGJ5VVHECLZ%3Bpt%3App%3Buid%3Aa6cb686c-01b5-11ed-9951-6db1592992ef%3B.NDFFYC8CRPXW24DZ&ssid=mgim3g0fao0000001657611522856&otracker=pp_reco_Frequently%2BBought%2BTogether_2_Frequently%2BBought%2BTogether_NDFFYC8CRPXW24DZ_productRecommendation%2Fattach_2&otracker1=pp_reco_PINNED_productRecommendation%2Fattach_Frequently%2BBought%2BTogether_NA_productCard_cc_2_NA_view-all&cid=NDFFYC8CRPXW24DZ,87,www.flipkart.com,,,,,12-07-2022,38:56.3,,Windows,10,[https://test.o360.online/downloads/237b5759-198d-4748-8a88-c3bdb94bfffa_41202_MTdlY2UyNTMtOTYzZS00OGFiLWJlODktNWY5MWY5MzdiMDVl/videos/12-07-2022-07:39:59:497.mp4],[],[],[],https://test.o360.online/downloads/237b5759-198d-4748-8a88-c3bdb94bfffa_41202_MTdlY2UyNTMtOTYzZS00OGFiLWJlODktNWY5MWY5MzdiMDVl/12-07-2022-07:40:00:584.html
002403fc-978b-4c62-ab58-459d6b5201cb,1d0a29c9-3304-4f6c-8b59-8fe04b7ccccf,,https://www.google.com/,5.98,www.google.com,13.0283215,77.7114941,74,,12-07-2022,25:42.2,,Windows,10,[https://test.o360.online/downloads/1d0a29c9-3304-4f6c-8b59-8fe04b7ccccf_41202_OTQ5Nzc0MjMtMDg1MS00NTRkLTg0NjQtZDRmZTUwZTc4OWVl/videos/12-07-2022-07:27:13:276.mp4],[],[],[],https://test.o360.online/downloads/1d0a29c9-3304-4f6c-8b59-8fe04b7ccccf_41202_OTQ5Nzc0MjMtMDg1MS00NTRkLTg0NjQtZDRmZTUwZTc4OWVl/12-07-2022-07:27:13:505.html
002403fc-978b-4c62-ab58-459d6b5201cb,1d0a29c9-3304-4f6c-8b59-8fe04b7ccccf,amazon india,https://www.google.com/,0,www.google.com,,,,,12-07-2022,25:48.0,,Windows,10,[https://test.o360.online/downloads/1d0a29c9-3304-4f6c-8b59-8fe04b7ccccf_41202_OTQ5Nzc0MjMtMDg1MS00NTRkLTg0NjQtZDRmZTUwZTc4OWVl/videos/12-07-2022-07:27:13:276.mp4],[],[],[],https://test.o360.online/downloads/1d0a29c9-3304-4f6c-8b59-8fe04b7ccccf_41202_OTQ5Nzc0MjMtMDg1MS00NTRkLTg0NjQtZDRmZTUwZTc4OWVl/12-07-2022-07:27:13:609.html
002403fc-978b-4c62-ab58-459d6b5201cb,1d0a29c9-3304-4f6c-8b59-8fe04b7ccccf,,https://www.google.com/search?q=amazon+india&sxsrf=ALiCzsZoYwbhoXlYzJOGljgQNOPuzGQkXg%3A1657610741667&source=hp&ei=9SHNYoG8Je2E4t4PqseVgAs&iflsig=AJiK0e8AAAAAYs0wBdDi-t2OaMhL_g4EgPPwRySoxinm&oq=Amaz&gs_lcp=Cgdnd3Mtd2l6EAEYAjIKCC4QxwEQ0QMQJzIKCAAQsQMQgwEQQzIQCAAQgAQQhwIQsQMQgwEQFDILCAAQgAQQsQMQgwEyCwgAEIAEELEDEIMBMggIABCABBDJAzIFCAAQkgMyCggAELEDEIMBEEMyCwgAEIAEELEDEIMBMgsIABCABBCxAxCDAToECCMQJzoECAAQQzoRCC4QgAQQsQMQgwEQxwEQ0QM6BQguEIAEOggIABCxAxCDAToICC4QgAQQsQM6BQgAEIAEOhEILhCABBCxAxCDARDHARCvAVAAWMEFYMYTaABwAHgAgAGoAYgBkAWSAQMwLjSYAQCgAQE&sclient=gws-wiz,1.332,www.google.com,,,,,12-07-2022,25:49.7,https://www.google.com/,Windows,10,[https://test.o360.online/downloads/1d0a29c9-3304-4f6c-8b59-8fe04b7ccccf_41202_OTQ5Nzc0MjMtMDg1MS00NTRkLTg0NjQtZDRmZTUwZTc4OWVl/videos/12-07-2022-07:27:13:276.mp4],[],[],[],https://test.o360.online/downloads/1d0a29c9-3304-4f6c-8b59-8fe04b7ccccf_41202_OTQ5Nzc0MjMtMDg1MS00NTRkLTg0NjQtZDRmZTUwZTc4OWVl/12-07-2022-07:27:13:739.html
002403fc-978b-4c62-ab58-459d6b5201cb,1d0a29c9-3304-4f6c-8b59-8fe04b7ccccf,,https://www.amazon.in/?&ext_vrnc=hi&tag=googinhydr1-21&ref=pd_sl_98xjxt98l7_e&adgrpid=60639568242&hvpone=&hvptwo=&hvadid=294102729351&hvpos=&hvnetw=g&hvrand=9748181369521091528&hvqmt=e&hvdev=c&hvdvcmdl=&hvlocint=&hvlocphy=9061994&hvtargid=kwd-316976916880&hydadcr=5841_1738695&gclid=CjwKCAjwt7SWBhAnEiwAx8ZLani9quxyIQRSGqiXM6CYbVXATjKTXxvfX_R5ZrnPy3LZcuoda-kzPhoCCUkQAvD_BwE,5.933,www.amazon.in,,,,,12-07-2022,25:52.1,https://www.google.com/aclk?sa=L&ai=DChcSEwjt58ye6fL4AhXfk2YCHc00D9kYABAAGgJzbQ&ae=2&sig=AOD64_3WOWevcZsZnr6Ub--Yt4Kip6x47g&q&adurl&ved=2ahUKEwiIssSe6fL4AhXS0XMBHYj0AMMQ0Qx6BAgCEAE&nis=8&dct=1,Windows,10,[https://test.o360.online/downloads/1d0a29c9-3304-4f6c-8b59-8fe04b7ccccf_41202_OTQ5Nzc0MjMtMDg1MS00NTRkLTg0NjQtZDRmZTUwZTc4OWVl/videos/12-07-2022-07:27:13:276.mp4],[],[],[],https://test.o360.online/downloads/1d0a29c9-3304-4f6c-8b59-8fe04b7ccccf_41202_OTQ5Nzc0MjMtMDg1MS00NTRkLTg0NjQtZDRmZTUwZTc4OWVl/12-07-2022-07:27:13:800.html
002403fc-978b-4c62-ab58-459d6b5201cb,1d0a29c9-3304-4f6c-8b59-8fe04b7ccccf,Ghe,https://www.amazon.in/?&ext_vrnc=hi&tag=googinhydr1-21&ref=pd_sl_98xjxt98l7_e&adgrpid=60639568242&hvpone=&hvptwo=&hvadid=294102729351&hvpos=&hvnetw=g&hvrand=9748181369521091528&hvqmt=e&hvdev=c&hvdvcmdl=&hvlocint=&hvlocphy=9061994&hvtargid=kwd-316976916880&hydadcr=5841_1738695&gclid=CjwKCAjwt7SWBhAnEiwAx8ZLani9quxyIQRSGqiXM6CYbVXATjKTXxvfX_R5ZrnPy3LZcuoda-kzPhoCCUkQAvD_BwE,0,www.amazon.in,,,,,12-07-2022,25:57.3,,Windows,10,[https://test.o360.online/downloads/1d0a29c9-3304-4f6c-8b59-8fe04b7ccccf_41202_OTQ5Nzc0MjMtMDg1MS00NTRkLTg0NjQtZDRmZTUwZTc4OWVl/videos/12-07-2022-07:27:13:276.mp4],[],[],[],https://test.o360.online/downloads/1d0a29c9-3304-4f6c-8b59-8fe04b7ccccf_41202_OTQ5Nzc0MjMtMDg1MS00NTRkLTg0NjQtZDRmZTUwZTc4OWVl/12-07-2022-07:27:13:952.html
002403fc-978b-4c62-ab58-459d6b5201cb,1d0a29c9-3304-4f6c-8b59-8fe04b7ccccf,,https://www.amazon.in/s?k=ghee&i=grocery&crid=3AMGBX307MYKZ&sprefix=Ghe%2Cgrocery%2C375&ref=nb_sb_ss_c_2_3_ts-doa-p,0,www.amazon.in,,,,,12-07-2022,25:59.9,https://www.amazon.in/?&ext_vrnc=hi&tag=googinhydr1-21&ref=pd_sl_98xjxt98l7_e&adgrpid=60639568242&hvpone=&hvptwo=&hvadid=294102729351&hvpos=&hvnetw=g&hvrand=9748181369521091528&hvqmt=e&hvdev=c&hvdvcmdl=&hvlocint=&hvlocphy=9061994&hvtargid=kwd-316976916880&hydadcr=5841_1738695&gclid=CjwKCAjwt7SWBhAnEiwAx8ZLani9quxyIQRSGqiXM6CYbVXATjKTXxvfX_R5ZrnPy3LZcuoda-kzPhoCCUkQAvD_BwE,Windows,10,[https://test.o360.online/downloads/1d0a29c9-3304-4f6c-8b59-8fe04b7ccccf_41202_OTQ5Nzc0MjMtMDg1MS00NTRkLTg0NjQtZDRmZTUwZTc4OWVl/videos/12-07-2022-07:27:13:276.mp4],[],[],[],https://test.o360.online/downloads/1d0a29c9-3304-4f6c-8b59-8fe04b7ccccf_41202_OTQ5Nzc0MjMtMDg1MS00NTRkLTg0NjQtZDRmZTUwZTc4OWVl/12-07-2022-07:27:14:109.html
002403fc-978b-4c62-ab58-459d6b5201cb,1d0a29c9-3304-4f6c-8b59-8fe04b7ccccf,,https://www.amazon.in/MOTHER-DAIRY-GHEE-CEKA-Pack/dp/B08SRCHGLY/ref=sr_1_4?crid=3AMGBX307MYKZ&keywords=ghee&qid=1657610757&s=grocery&sprefix=Ghe%2Cgrocery%2C375&sr=1-4,11.902,www.amazon.in,,,,,12-07-2022,26:09.9,https://www.amazon.in/s?k=ghee&i=grocery&crid=3AMGBX307MYKZ&sprefix=Ghe%2Cgrocery%2C375&ref=nb_sb_ss_c_2_3_ts-doa-p,Windows,10,[https://test.o360.online/downloads/1d0a29c9-3304-4f6c-8b59-8fe04b7ccccf_41202_OTQ5Nzc0MjMtMDg1MS00NTRkLTg0NjQtZDRmZTUwZTc4OWVl/videos/12-07-2022-07:27:13:276.mp4],[],[],[],https://test.o360.online/downloads/1d0a29c9-3304-4f6c-8b59-8fe04b7ccccf_41202_OTQ5Nzc0MjMtMDg1MS00NTRkLTg0NjQtZDRmZTUwZTc4OWVl/12-07-2022-07:27:14:249.html
002403fc-978b-4c62-ab58-459d6b5201cb,1d0a29c9-3304-4f6c-8b59-8fe04b7ccccf,Snacks,https://www.amazon.in/MOTHER-DAIRY-GHEE-CEKA-Pack/dp/B08SRCHGLY/ref=sr_1_4?crid=3AMGBX307MYKZ&keywords=ghee&qid=1657610757&s=grocery&sprefix=Ghe%2Cgrocery%2C375&sr=1-4,0,www.amazon.in,,,,,12-07-2022,26:21.1,,Windows,10,[https://test.o360.online/downloads/1d0a29c9-3304-4f6c-8b59-8fe04b7ccccf_41202_OTQ5Nzc0MjMtMDg1MS00NTRkLTg0NjQtZDRmZTUwZTc4OWVl/videos/12-07-2022-07:27:13:276.mp4],[],[],[],https://test.o360.online/downloads/1d0a29c9-3304-4f6c-8b59-8fe04b7ccccf_41202_OTQ5Nzc0MjMtMDg1MS00NTRkLTg0NjQtZDRmZTUwZTc4OWVl/12-07-2022-07:27:14:402.html
002403fc-978b-4c62-ab58-459d6b5201cb,1d0a29c9-3304-4f6c-8b59-8fe04b7ccccf,,https://www.amazon.in/s?k=snacks+items&i=grocery&crid=FRZT1RPV39V9&sprefix=Snacks%2Cgrocery%2C239&ref=nb_sb_ss_ts-doa-p_2_6,4.356,www.amazon.in,,,,,12-07-2022,26:22.6,https://www.amazon.in/MOTHER-DAIRY-GHEE-CEKA-Pack/dp/B08SRCHGLY/ref=sr_1_4?crid=3AMGBX307MYKZ&keywords=ghee&qid=1657610757&s=grocery&sprefix=Ghe%2Cgrocery%2C375&sr=1-4,Windows,10,[https://test.o360.online/downloads/1d0a29c9-3304-4f6c-8b59-8fe04b7ccccf_41202_OTQ5Nzc0MjMtMDg1MS00NTRkLTg0NjQtZDRmZTUwZTc4OWVl/videos/12-07-2022-07:27:13:276.mp4],[],[],[],https://test.o360.online/downloads/1d0a29c9-3304-4f6c-8b59-8fe04b7ccccf_41202_OTQ5Nzc0MjMtMDg1MS00NTRkLTg0NjQtZDRmZTUwZTc4OWVl/12-07-2022-07:27:14:510.html
002403fc-978b-4c62-ab58-459d6b5201cb,1d0a29c9-3304-4f6c-8b59-8fe04b7ccccf,,https://www.amazon.in/dp/B08HJK9RVH/ref=redir_mobile_desktop?_encoding=UTF8&aaxitk=e1f13f5c02e1175a4a803031ba386d91&content-id=amzn1.sym.c679a10e-5f33-4f2e-b014-f92eed44a58f%3Aamzn1.sym.c679a10e-5f33-4f2e-b014-f92eed44a58f&hsa_cr_id=6114506550902&pd_rd_plhdr=t&pd_rd_r=3adcf3a1-a6d3-413c-a799-516dba1b9205&pd_rd_w=xKcRJ&pd_rd_wg=PqOqh&qid=1657610781&ref_=sbx_be_s_sparkle_lsi4d_asin_1_img&sr=1-2-fd947bf3-57d2-4cc9-939d-2805f92cef28,0.937,www.amazon.in,,,,,12-07-2022,26:30.8,https://aax-eu.amazon.in/x/c/Qn89aNODKQRHH7g_NgC7R38AAAGB8U1C6QMAAAH2AXfYnrg/https://www.amazon.in/gp/aw/d/B08HJK9RVH/?_encoding=UTF8&pd_rd_plhdr=t&aaxitk=e1f13f5c02e1175a4a803031ba386d91&hsa_cr_id=6114506550902&qid=1657610781&sr=1-2-fd947bf3-57d2-4cc9-939d-2805f92cef28&ref_=sbx_be_s_sparkle_lsi4d_asin_1_img&pd_rd_w=xKcRJ&content-id=amzn1.sym.c679a10e-5f33-4f2e-b014-f92eed44a58f%3Aamzn1.sym.c679a10e-5f33-4f2e-b014-f92eed44a58f&pf_rd_p=c679a10e-5f33-4f2e-b014-f92eed44a58f&pf_rd_r=JPZ7X8RYP7XBW0BGFD3Q&pd_rd_wg=PqOqh&pd_rd_r=3adcf3a1-a6d3-413c-a799-516dba1b9205,Windows,10,[https://test.o360.online/downloads/1d0a29c9-3304-4f6c-8b59-8fe04b7ccccf_41202_OTQ5Nzc0MjMtMDg1MS00NTRkLTg0NjQtZDRmZTUwZTc4OWVl/videos/12-07-2022-07:27:13:276.mp4],[],[],[],https://test.o360.online/downloads/1d0a29c9-3304-4f6c-8b59-8fe04b7ccccf_41202_OTQ5Nzc0MjMtMDg1MS00NTRkLTg0NjQtZDRmZTUwZTc4OWVl/12-07-2022-07:27:14:654.html
002403fc-978b-4c62-ab58-459d6b5201cb,1d0a29c9-3304-4f6c-8b59-8fe04b7ccccf,,https://www.amazon.in/dp/B08HJK9RVH/ref=redir_mobile_desktop?_encoding=UTF8&aaxitk=e1f13f5c02e1175a4a803031ba386d91&content-id=amzn1.sym.c679a10e-5f33-4f2e-b014-f92eed44a58f%3Aamzn1.sym.c679a10e-5f33-4f2e-b014-f92eed44a58f&hsa_cr_id=6114506550902&pd_rd_plhdr=t&pd_rd_r=3adcf3a1-a6d3-413c-a799-516dba1b9205&pd_rd_w=xKcRJ&pd_rd_wg=PqOqh&qid=1657610781&ref_=sbx_be_s_sparkle_lsi4d_asin_1_img&sr=1-2-fd947bf3-57d2-4cc9-939d-2805f92cef28&th=1,3.285,www.amazon.in,,,,,12-07-2022,26:30.9,https://www.amazon.in/,Windows,10,[https://test.o360.online/downloads/1d0a29c9-3304-4f6c-8b59-8fe04b7ccccf_41202_OTQ5Nzc0MjMtMDg1MS00NTRkLTg0NjQtZDRmZTUwZTc4OWVl/videos/12-07-2022-07:27:13:276.mp4],[],[],[],https://test.o360.online/downloads/1d0a29c9-3304-4f6c-8b59-8fe04b7ccccf_41202_OTQ5Nzc0MjMtMDg1MS00NTRkLTg0NjQtZDRmZTUwZTc4OWVl/12-07-2022-07:27:14:833.html
002403fc-978b-4c62-ab58-459d6b5201cb,1d0a29c9-3304-4f6c-8b59-8fe04b7ccccf,Add to Cart,https://www.amazon.in/dp/B08HJK9RVH/ref=redir_mobile_desktop?_encoding=UTF8&aaxitk=e1f13f5c02e1175a4a803031ba386d91&content-id=amzn1.sym.c679a10e-5f33-4f2e-b014-f92eed44a58f%3Aamzn1.sym.c679a10e-5f33-4f2e-b014-f92eed44a58f&hsa_cr_id=6114506550902&pd_rd_plhdr=t&pd_rd_r=3adcf3a1-a6d3-413c-a799-516dba1b9205&pd_rd_w=xKcRJ&pd_rd_wg=PqOqh&qid=1657610781&ref_=sbx_be_s_sparkle_lsi4d_asin_1_img&sr=1-2-fd947bf3-57d2-4cc9-939d-2805f92cef28&th=1,0.044,www.amazon.in,,,,,12-07-2022,26:34.2,,Windows,10,[https://test.o360.online/downloads/1d0a29c9-3304-4f6c-8b59-8fe04b7ccccf_41202_OTQ5Nzc0MjMtMDg1MS00NTRkLTg0NjQtZDRmZTUwZTc4OWVl/videos/12-07-2022-07:27:13:276.mp4],[],[],[],https://test.o360.online/downloads/1d0a29c9-3304-4f6c-8b59-8fe04b7ccccf_41202_OTQ5Nzc0MjMtMDg1MS00NTRkLTg0NjQtZDRmZTUwZTc4OWVl/12-07-2022-07:27:15:022.html
002403fc-978b-4c62-ab58-459d6b5201cb,1d0a29c9-3304-4f6c-8b59-8fe04b7ccccf,,"https://www.amazon.in/cart/smart-wagon?newItems=94b38d6c-8dc0-452d-a56c-9ac8b271b16a,1",0,www.amazon.in,,,,,12-07-2022,26:35.1,https://www.amazon.in/dp/B08HJK9RVH/ref=redir_mobile_desktop?_encoding=UTF8&aaxitk=e1f13f5c02e1175a4a803031ba386d91&content-id=amzn1.sym.c679a10e-5f33-4f2e-b014-f92eed44a58f%3Aamzn1.sym.c679a10e-5f33-4f2e-b014-f92eed44a58f&hsa_cr_id=6114506550902&pd_rd_plhdr=t&pd_rd_r=3adcf3a1-a6d3-413c-a799-516dba1b9205&pd_rd_w=xKcRJ&pd_rd_wg=PqOqh&qid=1657610781&ref_=sbx_be_s_sparkle_lsi4d_asin_1_img&sr=1-2-fd947bf3-57d2-4cc9-939d-2805f92cef28&th=1,Windows,10,[https://test.o360.online/downloads/1d0a29c9-3304-4f6c-8b59-8fe04b7ccccf_41202_OTQ5Nzc0MjMtMDg1MS00NTRkLTg0NjQtZDRmZTUwZTc4OWVl/videos/12-07-2022-07:27:13:276.mp4],[],[],[],https://test.o360.online/downloads/1d0a29c9-3304-4f6c-8b59-8fe04b7ccccf_41202_OTQ5Nzc0MjMtMDg1MS00NTRkLTg0NjQtZDRmZTUwZTc4OWVl/12-07-2022-07:27:15:089.html
002403fc-978b-4c62-ab58-459d6b5201cb,1d0a29c9-3304-4f6c-8b59-8fe04b7ccccf,,"https://www.amazon.in/cart/smart-wagon?newItems=94b38d6c-8dc0-452d-a56c-9ac8b271b16a,1",0.045,www.amazon.in,,,,,12-07-2022,26:35.4,https://www.amazon.in/dp/B08HJK9RVH/ref=redir_mobile_desktop?_encoding=UTF8&aaxitk=e1f13f5c02e1175a4a803031ba386d91&content-id=amzn1.sym.c679a10e-5f33-4f2e-b014-f92eed44a58f%3Aamzn1.sym.c679a10e-5f33-4f2e-b014-f92eed44a58f&hsa_cr_id=6114506550902&pd_rd_plhdr=t&pd_rd_r=3adcf3a1-a6d3-413c-a799-516dba1b9205&pd_rd_w=xKcRJ&pd_rd_wg=PqOqh&qid=1657610781&ref_=sbx_be_s_sparkle_lsi4d_asin_1_img&sr=1-2-fd947bf3-57d2-4cc9-939d-2805f92cef28&th=1,Windows,10,[https://test.o360.online/downloads/1d0a29c9-3304-4f6c-8b59-8fe04b7ccccf_41202_OTQ5Nzc0MjMtMDg1MS00NTRkLTg0NjQtZDRmZTUwZTc4OWVl/videos/12-07-2022-07:27:13:276.mp4],[],[],[],https://test.o360.online/downloads/1d0a29c9-3304-4f6c-8b59-8fe04b7ccccf_41202_OTQ5Nzc0MjMtMDg1MS00NTRkLTg0NjQtZDRmZTUwZTc4OWVl/12-07-2022-07:27:15:201.html
002403fc-978b-4c62-ab58-459d6b5201cb,1d0a29c9-3304-4f6c-8b59-8fe04b7ccccf,,"https://www.amazon.in/cart/smart-wagon?newItems=C95043ec9-0495-4129-8952-bc3c9457df78,1",0,www.amazon.in,,,,,12-07-2022,26:44.8,"https://www.amazon.in/cart/smart-wagon?newItems=94b38d6c-8dc0-452d-a56c-9ac8b271b16a,1",Windows,10,[https://test.o360.online/downloads/1d0a29c9-3304-4f6c-8b59-8fe04b7ccccf_41202_OTQ5Nzc0MjMtMDg1MS00NTRkLTg0NjQtZDRmZTUwZTc4OWVl/videos/12-07-2022-07:27:13:276.mp4],[],[],[],https://test.o360.online/downloads/1d0a29c9-3304-4f6c-8b59-8fe04b7ccccf_41202_OTQ5Nzc0MjMtMDg1MS00NTRkLTg0NjQtZDRmZTUwZTc4OWVl/12-07-2022-07:27:15:321.html
002403fc-978b-4c62-ab58-459d6b5201cb,1d0a29c9-3304-4f6c-8b59-8fe04b7ccccf,,"https://www.amazon.in/cart/smart-wagon?newItems=C95043ec9-0495-4129-8952-bc3c9457df78,1",3.598,www.amazon.in,,,,,12-07-2022,26:44.9,"https://www.amazon.in/cart/smart-wagon?newItems=94b38d6c-8dc0-452d-a56c-9ac8b271b16a,1",Windows,10,[https://test.o360.online/downloads/1d0a29c9-3304-4f6c-8b59-8fe04b7ccccf_41202_OTQ5Nzc0MjMtMDg1MS00NTRkLTg0NjQtZDRmZTUwZTc4OWVl/videos/12-07-2022-07:27:13:276.mp4],[],[],[],https://test.o360.online/downloads/1d0a29c9-3304-4f6c-8b59-8fe04b7ccccf_41202_OTQ5Nzc0MjMtMDg1MS00NTRkLTg0NjQtZDRmZTUwZTc4OWVl/12-07-2022-07:27:15:425.html
002403fc-978b-4c62-ab58-459d6b5201cb,1d0a29c9-3304-4f6c-8b59-8fe04b7ccccf,Proceed to checkout,"https://www.amazon.in/cart/smart-wagon?newItems=C95043ec9-0495-4129-8952-bc3c9457df78,1",0,www.amazon.in,,,,,12-07-2022,26:48.4,,Windows,10,[https://test.o360.online/downloads/1d0a29c9-3304-4f6c-8b59-8fe04b7ccccf_41202_OTQ5Nzc0MjMtMDg1MS00NTRkLTg0NjQtZDRmZTUwZTc4OWVl/videos/12-07-2022-07:27:13:276.mp4],[],[],[],https://test.o360.online/downloads/1d0a29c9-3304-4f6c-8b59-8fe04b7ccccf_41202_OTQ5Nzc0MjMtMDg1MS00NTRkLTg0NjQtZDRmZTUwZTc4OWVl/12-07-2022-07:27:15:523.html
002403fc-978b-4c62-ab58-459d6b5201cb,1d0a29c9-3304-4f6c-8b59-8fe04b7ccccf,,https://www.amazon.in/ap/signin?_encoding=UTF8&openid.assoc_handle=amazon_checkout_in&openid.claimed_id=http%3A%2F%2Fspecs.openid.net%2Fauth%2F2.0%2Fidentifier_select&openid.identity=http%3A%2F%2Fspecs.openid.net%2Fauth%2F2.0%2Fidentifier_select&openid.mode=checkid_setup&openid.ns=http%3A%2F%2Fspecs.openid.net%2Fauth%2F2.0&openid.ns.pape=http%3A%2F%2Fspecs.openid.net%2Fextensions%2Fpape%2F1.0&openid.pape.max_auth_age=0&openid.return_to=https%3A%2F%2Fwww.amazon.in%2Fgp%2Fbuy%2Fsignin%2Fhandlers%2Fcontinue.html%3Fie%3DUTF8%26brandId%3D%26cartItemIds%3D%26eGCApp%3D%26hasWorkingJavascript%3D0%26isEGCOrder%3D0%26isFresh%3D%26oldCustomerId%3D0%26oldPurchaseId%3D%26preInitiateCustomerId%3D%26purchaseInProgress%3D%26ref_%3Dcart_signin_submit%26siteDesign%3D&pageId=amazon_checkout_in&showRmrMe=0&siteState=isRegularCheckout.1%7CIMBMsgs.%7CisRedirect.1&suppressSignInRadioButtons=0,42,www.amazon.in,,,,,12-07-2022,26:50.0,"https://www.amazon.in/cart/smart-wagon?newItems=C95043ec9-0495-4129-8952-bc3c9457df78,1",Windows,10,[https://test.o360.online/downloads/1d0a29c9-3304-4f6c-8b59-8fe04b7ccccf_41202_OTQ5Nzc0MjMtMDg1MS00NTRkLTg0NjQtZDRmZTUwZTc4OWVl/videos/12-07-2022-07:27:13:276.mp4],[],[],[],https://test.o360.online/downloads/1d0a29c9-3304-4f6c-8b59-8fe04b7ccccf_41202_OTQ5Nzc0MjMtMDg1MS00NTRkLTg0NjQtZDRmZTUwZTc4OWVl/12-07-2022-07:27:15:639.html
